MAE,R2,MSE,RMSE
0.20319364515681465,0.9649535954114336,0.0842958988116627,0.0842958988116627
