MAE,R2,MSE,RMSE
0.12939116057120673,0.9871969261150039,0.029649566396618417,0.029649566396618417
