MAE,R2,MSE,RMSE
0.2058752202715659,0.966281914746494,0.08045853329975641,0.08045853329975641
