MAE,R2,MSE,RMSE
0.02092921486773118,0.9996555390245806,0.0007977083201644434,0.0007977083201644434
