MAE,R2,MSE,RMSE
0.17632535321910278,0.9743120695827561,0.06178628616983612,0.06178628616983612
