MAE,R2,MSE,RMSE
0.17755746812619227,0.9753493531911943,0.05882169382440253,0.05882169382440253
