MAE,R2,MSE,RMSE
0.1654566446306392,0.9774381551340132,0.054267221250082924,0.054267221250082924
