MAE,R2,MSE,RMSE
0.1673997240834387,0.9780637041751973,0.05234467422522708,0.05234467422522708
