MAE,R2,MSE,RMSE
0.04171527451708708,0.998774711692805,0.002837542557787859,0.002837542557787859
