MAE,R2,MSE,RMSE
0.021566154879501632,0.9996221205498109,0.0008750993666786252,0.0008750993666786252
