MAE,R2,MSE,RMSE
0.16958299851636754,0.9774098475030151,0.0539049155152205,0.0539049155152205
