MAE,R2,MSE,RMSE
0.16792961901170153,0.9766563461857664,0.056147679139134675,0.056147679139134675
