MAE,R2,MSE,RMSE
0.2545801871648705,0.9520166580010856,0.11449847436552861,0.11449847436552861
