MAE,R2,MSE,RMSE
0.153001321651909,0.9836542986986161,0.03785364049196233,0.03785364049196233
