MAE,R2,MSE,RMSE
0.2503986986203946,0.9529896675511914,0.11307231865091853,0.11307231865091853
